,country,year,DT.NFL.BOND.CD
0,Australia,2019,
1,Australia,2018,
2,Australia,2017,
3,Australia,2016,
4,Australia,2015,
5,Australia,2014,
6,Australia,2013,
7,Australia,2012,
8,Australia,2011,
9,Australia,2010,
10,Australia,2009,
11,Australia,2008,
12,Australia,2007,
13,Australia,2006,
14,Australia,2005,
15,Australia,2004,
16,Australia,2003,
17,Australia,2002,
18,Australia,2001,
19,Australia,2000,
20,Australia,1999,
21,Australia,1998,
22,Australia,1997,
23,Australia,1996,
24,Australia,1995,
25,Australia,1994,
26,Australia,1993,
27,Australia,1992,
28,Australia,1991,
29,Australia,1990,
30,Australia,1989,
31,Australia,1988,
32,Australia,1987,
33,Australia,1986,
34,Australia,1985,
35,Australia,1984,
36,Australia,1983,
37,Australia,1982,
38,Australia,1981,
39,Australia,1980,
40,Brazil,2019,
41,Brazil,2018,1287120000.0
42,Brazil,2017,-642162000.0
43,Brazil,2016,-7709917000.0
44,Brazil,2015,-5442408000.0
45,Brazil,2014,-401300000.0
46,Brazil,2013,-2226063000.0
47,Brazil,2012,4986328000.0
48,Brazil,2011,26449159000.0
49,Brazil,2010,29391315000.0
50,Brazil,2009,17769769000.0
51,Brazil,2008,2587036000.0
52,Brazil,2007,539520000.0
53,Brazil,2006,-8116129000.0
54,Brazil,2005,3580492000.0
55,Brazil,2004,-4435766000.0
56,Brazil,2003,7783661000.0
57,Brazil,2002,1375442000.0
58,Brazil,2001,8384875000.0
59,Brazil,2000,8891745000.0
60,Brazil,1999,5834870000.0
61,Brazil,1998,1356741000.0
62,Brazil,1997,4086084000.0
63,Brazil,1996,5999189000.0
64,Brazil,1995,2636202000.0
65,Brazil,1994,1807062000.0
66,Brazil,1993,5380203000.0
67,Brazil,1992,2923057000.0
68,Brazil,1991,1187121000.0
69,Brazil,1990,128980000.0
70,Brazil,1989,-384196000.0
71,Brazil,1988,109000000.0
72,Brazil,1987,-648240000.0
73,Brazil,1986,-446504000.0
74,Brazil,1985,-215042000.0
75,Brazil,1984,-319955000.0
76,Brazil,1983,-236966000.0
77,Brazil,1982,-158665000.0
78,Brazil,1981,-57086000.0
79,Brazil,1980,346002000.0
80,Canada,2019,
81,Canada,2018,
82,Canada,2017,
83,Canada,2016,
84,Canada,2015,
85,Canada,2014,
86,Canada,2013,
87,Canada,2012,
88,Canada,2011,
89,Canada,2010,
90,Canada,2009,
91,Canada,2008,
92,Canada,2007,
93,Canada,2006,
94,Canada,2005,
95,Canada,2004,
96,Canada,2003,
97,Canada,2002,
98,Canada,2001,
99,Canada,2000,
100,Canada,1999,
101,Canada,1998,
102,Canada,1997,
103,Canada,1996,
104,Canada,1995,
105,Canada,1994,
106,Canada,1993,
107,Canada,1992,
108,Canada,1991,
109,Canada,1990,
110,Canada,1989,
111,Canada,1988,
112,Canada,1987,
113,Canada,1986,
114,Canada,1985,
115,Canada,1984,
116,Canada,1983,
117,Canada,1982,
118,Canada,1981,
119,Canada,1980,
120,Switzerland,2019,
121,Switzerland,2018,
122,Switzerland,2017,
123,Switzerland,2016,
124,Switzerland,2015,
125,Switzerland,2014,
126,Switzerland,2013,
127,Switzerland,2012,
128,Switzerland,2011,
129,Switzerland,2010,
130,Switzerland,2009,
131,Switzerland,2008,
132,Switzerland,2007,
133,Switzerland,2006,
134,Switzerland,2005,
135,Switzerland,2004,
136,Switzerland,2003,
137,Switzerland,2002,
138,Switzerland,2001,
139,Switzerland,2000,
140,Switzerland,1999,
141,Switzerland,1998,
142,Switzerland,1997,
143,Switzerland,1996,
144,Switzerland,1995,
145,Switzerland,1994,
146,Switzerland,1993,
147,Switzerland,1992,
148,Switzerland,1991,
149,Switzerland,1990,
150,Switzerland,1989,
151,Switzerland,1988,
152,Switzerland,1987,
153,Switzerland,1986,
154,Switzerland,1985,
155,Switzerland,1984,
156,Switzerland,1983,
157,Switzerland,1982,
158,Switzerland,1981,
159,Switzerland,1980,
160,Euro area,2019,
161,Euro area,2018,
162,Euro area,2017,
163,Euro area,2016,
164,Euro area,2015,
165,Euro area,2014,
166,Euro area,2013,
167,Euro area,2012,
168,Euro area,2011,
169,Euro area,2010,
170,Euro area,2009,
171,Euro area,2008,
172,Euro area,2007,
173,Euro area,2006,
174,Euro area,2005,
175,Euro area,2004,
176,Euro area,2003,
177,Euro area,2002,
178,Euro area,2001,
179,Euro area,2000,
180,Euro area,1999,
181,Euro area,1998,
182,Euro area,1997,
183,Euro area,1996,
184,Euro area,1995,
185,Euro area,1994,
186,Euro area,1993,
187,Euro area,1992,
188,Euro area,1991,
189,Euro area,1990,
190,Euro area,1989,
191,Euro area,1988,
192,Euro area,1987,
193,Euro area,1986,
194,Euro area,1985,
195,Euro area,1984,
196,Euro area,1983,
197,Euro area,1982,
198,Euro area,1981,
199,Euro area,1980,
200,United Kingdom,2019,
201,United Kingdom,2018,
202,United Kingdom,2017,
203,United Kingdom,2016,
204,United Kingdom,2015,
205,United Kingdom,2014,
206,United Kingdom,2013,
207,United Kingdom,2012,
208,United Kingdom,2011,
209,United Kingdom,2010,
210,United Kingdom,2009,
211,United Kingdom,2008,
212,United Kingdom,2007,
213,United Kingdom,2006,
214,United Kingdom,2005,
215,United Kingdom,2004,
216,United Kingdom,2003,
217,United Kingdom,2002,
218,United Kingdom,2001,
219,United Kingdom,2000,
220,United Kingdom,1999,
221,United Kingdom,1998,
222,United Kingdom,1997,
223,United Kingdom,1996,
224,United Kingdom,1995,
225,United Kingdom,1994,
226,United Kingdom,1993,
227,United Kingdom,1992,
228,United Kingdom,1991,
229,United Kingdom,1990,
230,United Kingdom,1989,
231,United Kingdom,1988,
232,United Kingdom,1987,
233,United Kingdom,1986,
234,United Kingdom,1985,
235,United Kingdom,1984,
236,United Kingdom,1983,
237,United Kingdom,1982,
238,United Kingdom,1981,
239,United Kingdom,1980,
240,India,2019,
241,India,2018,-8416584000.0
242,India,2017,33309409000.0
243,India,2016,-3796397000.0
244,India,2015,10705332000.0
245,India,2014,27437010000.0
246,India,2013,-1716998000.0
247,India,2012,4465028000.0
248,India,2011,-277730000.0
249,India,2010,10338667000.0
250,India,2009,1971617000.0
251,India,2008,1753880000.0
252,India,2007,9459642000.0
253,India,2006,5346601000.0
254,India,2005,-3939701000.0
255,India,2004,3488198000.0
256,India,2003,-3533648000.0
257,India,2002,-532739000.0
258,India,2001,-401949000.0
259,India,2000,5484815000.0
260,India,1999,-1118033000.0
261,India,1998,4125557000.0
262,India,1997,1869209000.0
263,India,1996,-186482000.0
264,India,1995,292778000.0
265,India,1994,-29681000.0
266,India,1993,456433000.0
267,India,1992,-204095000.0
268,India,1991,1387223000.0
269,India,1990,137061000.0
270,India,1989,687833000.0
271,India,1988,675250000.0
272,India,1987,107638000.0
273,India,1986,271179000.0
274,India,1985,305970000.0
275,India,1984,234300000.0
276,India,1983,18708000.0
277,India,1982,9500000.0
278,India,1981,0.0
279,India,1980,0.0
280,Japan,2019,
281,Japan,2018,
282,Japan,2017,
283,Japan,2016,
284,Japan,2015,
285,Japan,2014,
286,Japan,2013,
287,Japan,2012,
288,Japan,2011,
289,Japan,2010,
290,Japan,2009,
291,Japan,2008,
292,Japan,2007,
293,Japan,2006,
294,Japan,2005,
295,Japan,2004,
296,Japan,2003,
297,Japan,2002,
298,Japan,2001,
299,Japan,2000,
300,Japan,1999,
301,Japan,1998,
302,Japan,1997,
303,Japan,1996,
304,Japan,1995,
305,Japan,1994,
306,Japan,1993,
307,Japan,1992,
308,Japan,1991,
309,Japan,1990,
310,Japan,1989,
311,Japan,1988,
312,Japan,1987,
313,Japan,1986,
314,Japan,1985,
315,Japan,1984,
316,Japan,1983,
317,Japan,1982,
318,Japan,1981,
319,Japan,1980,
320,New Zealand,2019,
321,New Zealand,2018,
322,New Zealand,2017,
323,New Zealand,2016,
324,New Zealand,2015,
325,New Zealand,2014,
326,New Zealand,2013,
327,New Zealand,2012,
328,New Zealand,2011,
329,New Zealand,2010,
330,New Zealand,2009,
331,New Zealand,2008,
332,New Zealand,2007,
333,New Zealand,2006,
334,New Zealand,2005,
335,New Zealand,2004,
336,New Zealand,2003,
337,New Zealand,2002,
338,New Zealand,2001,
339,New Zealand,2000,
340,New Zealand,1999,
341,New Zealand,1998,
342,New Zealand,1997,
343,New Zealand,1996,
344,New Zealand,1995,
345,New Zealand,1994,
346,New Zealand,1993,
347,New Zealand,1992,
348,New Zealand,1991,
349,New Zealand,1990,
350,New Zealand,1989,
351,New Zealand,1988,
352,New Zealand,1987,
353,New Zealand,1986,
354,New Zealand,1985,
355,New Zealand,1984,
356,New Zealand,1983,
357,New Zealand,1982,
358,New Zealand,1981,
359,New Zealand,1980,
360,United States,2019,
361,United States,2018,
362,United States,2017,
363,United States,2016,
364,United States,2015,
365,United States,2014,
366,United States,2013,
367,United States,2012,
368,United States,2011,
369,United States,2010,
370,United States,2009,
371,United States,2008,
372,United States,2007,
373,United States,2006,
374,United States,2005,
375,United States,2004,
376,United States,2003,
377,United States,2002,
378,United States,2001,
379,United States,2000,
380,United States,1999,
381,United States,1998,
382,United States,1997,
383,United States,1996,
384,United States,1995,
385,United States,1994,
386,United States,1993,
387,United States,1992,
388,United States,1991,
389,United States,1990,
390,United States,1989,
391,United States,1988,
392,United States,1987,
393,United States,1986,
394,United States,1985,
395,United States,1984,
396,United States,1983,
397,United States,1982,
398,United States,1981,
399,United States,1980,
400,South Africa,2019,
401,South Africa,2018,-2125000000.0
402,South Africa,2017,18358681000.0
403,South Africa,2016,2831281000.0
404,South Africa,2015,1619786000.0
405,South Africa,2014,533662000.0
406,South Africa,2013,-512388000.0
407,South Africa,2012,2261000000.0
408,South Africa,2011,7247817000.0
409,South Africa,2010,2301000000.0
410,South Africa,2009,1913000000.0
411,South Africa,2008,-2401323000.0
412,South Africa,2007,6794532000.0
413,South Africa,2006,485765000.0
414,South Africa,2005,-1090675000.0
415,South Africa,2004,358742000.0
416,South Africa,2003,635443000.0
417,South Africa,2002,1983000000.0
418,South Africa,2001,1938000000.0
419,South Africa,2000,1171043000.0
420,South Africa,1999,1252974000.0
421,South Africa,1998,303047000.0
422,South Africa,1997,6144538000.0
423,South Africa,1996,366480000.0
424,South Africa,1995,730889000.0
425,South Africa,1994,1503217000.0
426,South Africa,1993,0.0
427,South Africa,1992,0.0
428,South Africa,1991,0.0
429,South Africa,1990,0.0
430,South Africa,1989,0.0
431,South Africa,1988,0.0
432,South Africa,1987,0.0
433,South Africa,1986,0.0
434,South Africa,1985,0.0
435,South Africa,1984,0.0
436,South Africa,1983,0.0
437,South Africa,1982,0.0
438,South Africa,1981,0.0
439,South Africa,1980,0.0
